name,category,unit,price,sku,imageUrl
"Tiêu xanh 50g","Rau lá","kg",9500,"BHX-2","https://cdnv2.tgdd.vn/bhx-static/bhx/Products/Images/8785/299806/bhx/cdntgddvnproductsimages8785299806bhxtieu-xanh-tui-50g-202212280833064038_202409041619286474.jpg"
"Cá lóc kho tộ","Rau lá","kg",49000,"BHX-4","https://cdnv2.tgdd.vn/bhx-static/bhx/Products/Images/8782/222961/bhx/ca-loc-song-tui-500g_202505252005468933.jpg"
"Hành lá 300g","Rau lá","kg",15000,"BHX-5","https://cdnv2.tgdd.vn/bhx-static/bhx/Products/Images/8820/232791/bhx/hanh-la-goi-50g_202509051405475742.jpg"
"Lá giang 150g","Rau lá","kg",14000,"BHX-6","https://cdnv2.tgdd.vn/bhx-static/bhx/Products/Images/8820/233971/bhx/la-giang-1kg_202505090936496792.jpg"
"Rau nhút làm sạch 400g","Rau lá","kg",18000,"BHX-7","https://cdnv2.tgdd.vn/bhx-static/bhx/Products/Images/8820/238471/bhx/rau-nhut-1kg_202508081105402835.jpg"
"Rau thơm các loại khoảng 200g","Rau lá","kg",12000,"BHX-8","https://cdnv2.tgdd.vn/bhx-static/bhx/Products/Images/8820/271489/bhx/rau-thom-cac-loai-goi-200gr_202505091451086460.jpg"
"Hành lá khoảng 100g","Rau lá","kg",6500,"BHX-9","https://cdnv2.tgdd.vn/bhx-static/bhx/Products/Images/8820/271492/bhx/hanh-la-goi-100g_202505090905332958.jpg"
"Hẹ lá khoảng 100g","Rau lá","kg",4900,"BHX-10","https://cdn.tgdd.vn/Products/Images/8820/271502/bhx/he-la-100gr-202401131825186214.jpg"
"Rau má khoảng 200g","Rau lá","kg",10000,"BHX-11","https://cdnv2.tgdd.vn/bhx-static/bhx/Products/Images/8820/271747/bhx/rau-ma-goi-200g_202505081310424357.jpg"
"Tía tô khoảng 100g","Rau lá","kg",6500,"BHX-12","https://cdnv2.tgdd.vn/bhx-static/bhx/Products/Images/8820/299255/bhx/tia-to-goi-100g_202505100849199977.jpg"
"Rau húng quế khoảng 100g","Rau lá","kg",6500,"BHX-13","https://cdnv2.tgdd.vn/bhx-static/bhx/Products/Images/8820/299256/bhx/rau-hung-que-tui-100g_202505091116137552.jpg"
"Rau húng cây khoảng 100g","Rau lá","kg",6500,"BHX-14","https://cdnv2.tgdd.vn/bhx-static/bhx/Products/Images/8820/299257/bhx/rau-hung-cay-100g_202505091057143767.jpg"
"Rau diếp cá khoảng 100g","Rau lá","kg",6500,"BHX-15","https://cdnv2.tgdd.vn/bhx-static/bhx/Products/Images/8820/299258/bhx/rau-diep-ca-goi-100g_202505091413116213.jpg"
"Rau đắng khoảng 200g","Rau lá","kg",7200,"BHX-16","https://cdnv2.tgdd.vn/bhx-static/bhx/Products/Images/8820/299807/bhx/rau-dang-goi-200g_202505091320161114.jpg"
"Xà lách thủy tinh thủy canh khoảng 200g","Rau lá","kg",16000,"BHX-17","https://cdnv2.tgdd.vn/bhx-static/bhx/Products/Images/8820/303824/bhx/xa-lach-thuy-tinh-thuy-canh-cay-tu-230g_202506090948310961.jpg"
"Ngò rí 50g","Rau lá","kg",3500,"BHX-18","https://cdnv2.tgdd.vn/bhx-static/bhx/Products/Images/8820/309141/bhx/ngo-ri-50g_202505081655119693.jpg"
"Ngò gai, rau om 50g","Rau lá","kg",3500,"BHX-19","https://cdnv2.tgdd.vn/bhx-static/bhx/Products/Images/8820/309145/bhx/ngo-gai-rau-om-50g_202505091436115549.jpg"
"Rau ngót khoảng 250g","Rau lá","kg",10000,"BHX-20","https://cdnv2.tgdd.vn/bhx-static/bhx/Products/Images/8820/309146/bhx/rau-ngot-250gr_202505201652490353.jpg"
"Rau răm 50g","Rau lá","kg",3500,"BHX-21","https://cdnv2.tgdd.vn/bhx-static/bhx/Products/Images/8820/309149/bhx/rau-ram-50g_202505091351343680.jpg"
"Hành lá, ngò rí 100g","Rau lá","kg",6900,"BHX-22","https://cdnv2.tgdd.vn/bhx-static/bhx/Products/Images/8820/320735/bhx/hanh-la-ngo-ri-100gr_202505091428268157.jpg"
"Bông điên điển 200g","Rau lá","kg",20000,"BHX-23","https://cdnv2.tgdd.vn/bhx-static/bhx/Products/Images/8820/325778/bhx/bong-dien-dien-200g_202505291929376368.jpg"
"Bông súng 300g","Rau lá","kg",9000,"BHX-24","https://cdn.tgdd.vn/Products/Images/8820/325978/bhx/bong-sung-202405220947402439.jpg"
"Xà lách búp mỡ 300g","Rau lá","kg",18000,"BHX-25","https://cdnv2.tgdd.vn/bhx-static/bhx/Products/Images/8820/336810/bhx/xa-lach-bup-mo-300g_202505210854161280.jpg"
"Xà lách lô lô xanh 300g","Rau lá","kg",18000,"BHX-26","https://cdnv2.tgdd.vn/bhx-static/bhx/Products/Images/8820/336812/bhx/xa-lach-lo-lo-xanh-300g_202505210852562957.jpg"
"Rau lang 300g","Rau lá","kg",9900,"BHX-27","https://cdnv2.tgdd.vn/bhx-static/bhx/Products/Images/8820/336819/bhx/rau-lang-300g_202505271421579125.jpg"
"Cải bẹ dún 400g","Rau lá","kg",9900,"BHX-28","https://cdnv2.tgdd.vn/bhx-static/bhx/Products/Images/8820/222627/bhx/cai-be-dun-tui-400g_202505210849538980.jpg"
"Cải ngồng 300g","Rau lá","kg",9900,"BHX-29","https://cdnv2.tgdd.vn/bhx-static/bhx/Products/Images/8820/222865/bhx/cai-ngong-tui-300g_202506021524316793.jpg"
"Rau muống hạt 300g","Rau lá","kg",9900,"BHX-30","https://cdn.tgdd.vn/Products/Images/8820/223334/bhx/rau-muong-hat-baby-tui-300g-202011071623155891.jpg"
"Cải thìa 300g","Rau lá","kg",9900,"BHX-31","https://cdn.tgdd.vn/Products/Images/8820/238556/bhx/cai-thia-da-lat-202407090853555309.jpg"
"Rau mồng tơi 300g","Rau lá","kg",5000,"BHX-32","https://cdnv2.tgdd.vn/bhx-static/bhx/Products/Images/8820/298825/bhx/rau-mong-toi-goi-300g_202506020917306037.jpg"
"Cải ngọt 300gr","Rau lá","g",9900,"BHX-33","https://cdnv2.tgdd.vn/bhx-static/bhx/Products/Images/8820/223330/bhx/cai-ngot-baby-goi-300g_202506020913508949.jpg"
"Rau muống nước 400gr","Rau lá","g",5000,"BHX-34","https://cdnv2.tgdd.vn/bhx-static/bhx/Products/Images/8820/335480/bhx/rau-muong-nuoc-400gr_202505081440524383.jpg"
"Cải bẹ xanh 300gr","Rau lá","g",9900,"BHX-35","https://cdnv2.tgdd.vn/bhx-static/bhx/Products/Images/8820/335481/bhx/cai-be-xanh-goi-400g_202505151418571429.jpg"
"Dưa lưới Hoàng Kim trái khoảng 2kg","Trái cây","kg",998002,"BHX-1","https://cdnv2.tgdd.vn/bhx-static/bhx/Products/Images/8788/333560/bhx/cd_202412250942303441.jpg"
"Mận đá đường 500gr","Trái cây","g",18000,"BHX-2","https://cdnv2.tgdd.vn/bhx-static/bhx/Products/Images/8788/344443/bhx/man-da-duong-500gr_202509120953246660.jpg"
"Táo cherry nội địa Trung 500g (8-10 trái) + Muối chấm Hảo Hảo tôm chua cay hũ 120g","Trái cây","g",60100,"BHX-3","https://cdnv2.tgdd.vn/bhx-static/bhx/Products/Images/8788/357492/bhx/tao-cherry-noi-dia-trung-500g-8-10-trai-clone_202510011428248909.jpg"
"Combo 3 trái dừa xiêm tiện lợi","Trái cây","kg",36000,"BHX-4","https://cdnv2.tgdd.vn/bhx-static/bhx/Products/Images/8788/345511/bhx/dua-xiem-tien-loi-1-trai-clone_202509131300382421.jpg"
"Dừa xiêm tiện lợi (1 trái)","Trái cây","kg",15500,"BHX-5","https://cdnv2.tgdd.vn/bhx-static/bhx/Products/Images/8788/340224/bhx/dua-xiem-tien-loi_202509121102271581.jpg"
"Chuối sứ trái từ 40g - 90g","Trái cây","g",3045015,"BHX-6","https://cdn.tgdd.vn/Products/Images/8788/232743/bhx/chuoi-su-trai-tu-40g-90g-202408201632531023.jpg"
"Dưa gang trái khoảng 1kg","Trái cây","kg",183001,"BHX-7","https://cdn.tgdd.vn/Products/Images/8788/244445/bhx/dua-gang-trai-tu-500g-tro-len-202404160854571419.jpg"
"Táo Ninh Thuận trái từ 30g trở lên (25-33 trái/kg)","Trái cây","kg",15800400,"BHX-8","https://cdnv2.tgdd.vn/bhx-static/bhx/Products/Images/8788/228931/bhx/tao-ninh-thuan_202508081520519725.jpg"
"Cóc giống Thái 500g","Trái cây","kg",9000,"BHX-9","https://cdnv2.tgdd.vn/bhx-static/bhx/Products/Images/8788/339552/bhx/coc-giong-thai-500g_202507281535464142.jpg"
"Xoài keo 1kg (trái từ 350g)","Trái cây","kg",22000,"BHX-10","https://cdn.tgdd.vn/Products/Images/8788/233096/bhx/xoai-keo-tui-1kg-202012311612450599.jpg"
"Xoài keo trái từ 350g trở lên","Trái cây","g",259001,"BHX-11","https://cdn.tgdd.vn/Products/Images/8788/233616/bhx/xoai-keo-202312260319248837.jpg"
"Ổi Đài Loan 1kg (trái từ 220g)","Trái cây","kg",14500,"BHX-12","https://cdnv2.tgdd.vn/bhx-static/bhx/Products/Images/8788/226921/bhx/oi-dai-loan-tui-1kg_202507181655372289.jpg"
"Ổi Đài Loan trái từ 220g trở lên","Trái cây","g",260002,"BHX-13","https://cdnv2.tgdd.vn/bhx-static/bhx/Products/Images/8788/226918/bhx/oi-dai-loan-hop-1-kg_202506181545489072.jpg"
"Thanh long ruột đỏ từ 2-3 trái/kg","Trái cây","kg",2850015,"BHX-14","https://cdn.tgdd.vn/Products/Images/8788/234065/bhx/thanh-long-ruot-do-202312251505383328.jpg"
"Dưa lưới tròn ruột cam trái khoảng 1.3kg (1 trái)","Trái cây","kg",5330013,"BHX-15","https://cdnv2.tgdd.vn/bhx-static/bhx/Products/Images/8788/226931/bhx/dua-luoi-tron-ruot-cam-1kg_202508180927322943.jpg"
"Mận An Phước 1kg","Trái cây","kg",34500,"BHX-16","https://cdn.tgdd.vn/Products/Images/8788/232502/bhx/man-an-phuoc-tui-500g-202012171420096493.jpg"
"Mận An Phước trái từ 75g trở lên","Trái cây","g",402001,"BHX-17","https://cdn.tgdd.vn/Products/Images/8788/222844/bhx/man-an-phuoc-1kg-202011041104269773.jpg"
"2 túi mận róc hạt nội địa Trung 500g","Trái cây","túi",45000,"BHX-18","https://cdnv2.tgdd.vn/bhx-static/bhx/Products/Images/8788/344496/bhx/man-roc-hat-noi-dia-trung-tui-500g-clone_202509031617569847.jpg"
"Mận róc hạt nội địa Trung túi 500g","Trái cây","túi",27700,"BHX-19","https://cdnv2.tgdd.vn/bhx-static/bhx/Products/Images/8788/342583/bhx/man-roc-hat-noi-dia-trung-hop-500g_202508200937030226.jpg"
"2 hộp nho mẫu đơn nội địa Trung 500g","Trái cây","hộp",95000,"BHX-20","https://cdnv2.tgdd.vn/bhx-static/bhx/Products/Images/8788/342371/bhx/nho-mau-don-noi-dia-trung-500g-clone_202508121539524552.jpg"
"Lê hoàng kim nội địa Trung hộp 2 trái","Trái cây","hộp",37000,"BHX-21","https://cdnv2.tgdd.vn/bhx-static/bhx/Products/Images/8788/342879/bhx/le-hoang-kim-noi-dia-trung-hop-2-trai_202509111129226224.jpg"
"Kiwi vàng Zespri nhập khẩu New Zealand 300g hộp 3 trái","Trái cây","hộp",55000,"BHX-22","https://cdnv2.tgdd.vn/bhx-static/bhx/Products/Images/8788/340309/bhx/kiwi-vang-zespri-nhap-khau-new-zealand-300g-hop-3-trai_202508091714487135.jpg"
"Lê nến nhập khẩu Trung Quốc trái từ 250g trở lên","Trái cây","g",22500500,"BHX-23","https://cdnv2.tgdd.vn/bhx-static/bhx/Products/Images/8788/328629/bhx/le-nen_202509061013237918.jpg"
"Kiwi xanh Zespri nhập khẩu New Zealand 250g hộp 2 trái","Trái cây","hộp",39000,"BHX-24","https://cdnv2.tgdd.vn/bhx-static/bhx/Products/Images/8788/340278/bhx/kiwi-xanh-zespri-nhap-khau-new-zealand-hop-2-trai-clone_202507081515559830.jpg"
"Cam úc túi 700g (3 - 4 trái)","Trái cây","túi",50500,"BHX-25","https://cdnv2.tgdd.vn/bhx-static/bhx/Products/Images/8788/341182/bhx/cam-uc-tui-700g-3-trai_202508130859132833.jpg"
"Táo cherry nội địa Trung 500g (8-10 trái)","Trái cây","g",44500,"BHX-26","https://cdnv2.tgdd.vn/bhx-static/bhx/Products/Images/8788/330603/bhx/tao-cherry-nhap-khau-trung-quoc-500g_202509101039403361.jpg"
"Táo Gala mini nhập khẩu túi 400g","Trái cây","túi",27000,"BHX-27","https://cdnv2.tgdd.vn/bhx-static/bhx/Products/Images/8788/339055/bhx/tao-gala-mini-nhap-khau-new-zealand-tui-400g_202510010911062898.jpg"
"Quýt Úc túi 800g","Trái cây","túi",60000,"BHX-28","https://cdnv2.tgdd.vn/bhx-static/bhx/Products/Images/8788/341537/bhx/quyt-giong-uc-tui-800g-clone_202507251658369170.jpg"
"Táo Gala nhập khẩu túi lớn 700g","Trái cây","túi",44500,"BHX-29","https://cdnv2.tgdd.vn/bhx-static/bhx/Products/Images/8788/341013/bhx/tao-gala-nhap-khau-new-zealand-tui-lon-700g_202510010920299741.jpg"
"Chuối già giống Nam Mỹ (trái từ 120-220g)","Trái cây","g",16800700,"BHX-30","https://cdnv2.tgdd.vn/bhx-static/bhx/Products/Images/8788/228923/bhx/chuoi-gia-giong-nam-my_202505201050254345.jpg"
"Chuối già giống Nam Mỹ 1kg (trái từ 120-220g)","Trái cây","kg",19900,"BHX-31","https://cdnv2.tgdd.vn/bhx-static/bhx/Products/Images/8788/313132/bhx/chuoi-gia-giong-nam-my-1kg_202505201047413543.jpg"
"Dưa hấu đỏ trái từ 3kg (1 trái)","Trái cây","kg",350013,"BHX-32","https://cdn.tgdd.vn/Products/Images/8788/226930/bhx/dua-hau-do-202402271437411608.jpg"
"Dưa hấu đỏ trái 2.5 - 2.7kg (1 trái)","Trái cây","kg",41600,"BHX-33","https://cdnv2.tgdd.vn/bhx-static/bhx/Products/Images/8788/339053/bhx/dua-hau-do-trai-25-27kg-1-trai_202506020859550694.jpg"
"Táo Nam Phi giòn ngọt túi 1kg","Trái cây","túi",42500,"BHX-34","https://cdnv2.tgdd.vn/bhx-static/bhx/Products/Images/8788/338730/bhx/tao-nam-phi-gion-ngot-tui-1kg_202508061708408384.jpg"
"Nho mẫu đơn nội địa Trung 500g","Trái cây","kg",49000,"BHX-35","https://cdnv2.tgdd.vn/bhx-static/bhx/Products/Images/8788/312875/bhx/nho-mau-don-noi-dia-trung-500g_202506160955228843.jpg"
"Cam sành 1kg (trái từ 130g)","Trái cây","kg",15000,"BHX-36","https://cdn.tgdd.vn/Products/Images/8788/226917/bhx/cam-sanh-loai-2-tui-1kg-202101271631264363.jpg"
"Cam sành trái từ 130g trở lên","Trái cây","g",525005,"BHX-37","https://cdn.tgdd.vn/Products/Images/8788/321604/bhx/cam-sanh-202401201943148305.jpg"
"Nấm đùi gà baby nội địa Trung 200g","Nấm các loại","kg",15000,"BHX-42","https://cdnv2.tgdd.vn/bhx-static/bhx/Products/Images/8779/226954/bhx/nam-dui-ga-noi-dia-trung-200g_202506261342462467.jpg"
"Nấm bào ngư trắng 300g","Nấm các loại","kg",16000,"BHX-43","https://cdn.tgdd.vn/Products/Images/8779/226955/bhx/nam-bao-ngu-trang-goi-300g-202212021431259434.jpg"
"Nấm bào ngư xám 300g","Nấm các loại","kg",20000,"BHX-44","https://cdn.tgdd.vn/Products/Images/8779/226957/bhx/nam-bao-ngu-xam-goi-300g-202211231335446825.jpg"
"Lẩu nấm thiên nhiên 300g","Nấm các loại","kg",30000,"BHX-45","https://cdn.tgdd.vn/Products/Images/8779/226963/bhx/lau-nam-thien-nhien-khay-300g-202205181652540610.jpg"
"Nấm hương 150g","Nấm các loại","kg",30000,"BHX-46","https://cdn.tgdd.vn/Products/Images/8779/281521/bhx/nam-huong-hop-150g-202212291513424946.jpg"
"Nấm rơm từ 180g - 220g","Nấm các loại","g",20500,"BHX-47","https://cdnv2.tgdd.vn/bhx-static/bhx/Products/Images/8779/299261/bhx/nam-rom-tui-200g_202506031558555079.jpg"
"Nấm đùi gà baby Hàn Quốc 200g","Nấm các loại","kg",33000,"BHX-48","https://cdnv2.tgdd.vn/bhx-static/bhx/Products/Images/8779/313128/bhx/nam-dui-ga-baby-hq-200g_202506191656598864.jpg"
"Nấm hải sản nội địa Trung 150g","Nấm các loại","kg",9000,"BHX-49","https://cdnv2.tgdd.vn/bhx-static/bhx/Products/Images/8779/325726/bhx/nam-hai-san-trung-quoc-150g_202506281441302081.jpg"
"Nấm linh chi nâu nội địa Trung 150g","Nấm các loại","kg",15000,"BHX-50","https://cdn.tgdd.vn/Products/Images/8779/325741/bhx/nam-linh-chi-nau-trung-quoc-150g-202405130926162383.jpg"
"Nấm linh chi trắng nội địa Trung 150g","Nấm các loại","kg",15000,"BHX-51","https://cdnv2.tgdd.vn/bhx-static/bhx/Products/Images/8779/325742/bhx/nam-linh-chi-trang-trung-quoc-150g_202506261338175538.jpg"
"Nấm đùi gà nội địa Trung 500g","Nấm các loại","kg",26000,"BHX-52","https://cdnv2.tgdd.vn/bhx-static/bhx/Products/Images/8779/337116/bhx/nam-dui-ga-noi-dia-trung-500g_202505201629103306.jpg"
"Nấm hương (nấm đông cô) 150g","Nấm các loại","kg",21000,"BHX-53","https://cdnv2.tgdd.vn/bhx-static/bhx/Products/Images/8779/344634/bhx/nam-huong-150g-clone_202509060941323517.jpg"
"Nấm lộc nhung 50g","Nấm các loại","kg",29000,"BHX-54","https://cdnv2.tgdd.vn/bhx-static/bhx/Products/Images/8779/345538/bhx/nam-huong-nam-dong-co-150g-clone_202509151008240899.jpg"
"Nấm kim châm Hàn Quốc 150g","Nấm các loại","kg",14900,"BHX-55","https://cdn.tgdd.vn/Products/Images/8779/226959/bhx/nam-kim-cham-han-quoc-goi-150g-202205181701291485.jpg"
"Nấm kim châm Thái Lan 150g","Nấm các loại","kg",7000,"BHX-56","https://cdn.tgdd.vn/Products/Images/8779/304603/bhx/nam-kim-cham-thai-lan-150g-202308291048255023.jpg"
"Nấm kim châm nội địa Trung 150g","Nấm các loại","kg",6500,"BHX-57","https://cdnv2.tgdd.vn/bhx-static/bhx/Products/Images/8779/309289/bhx/nam-dui-ga-baby-400g_202505201549074761.jpg"
"Cá nục chiên sốt cà","Củ, quả","kg",49500,"BHX-58","https://cdnv2.tgdd.vn/bhx-static/bhx/Products/Images/8782/339822/bhx/ca-nuc-lam-sach-clone_202506260945495617.jpg"
"Cá chiên sả","Củ, quả","kg",163000,"BHX-59","https://cdnv2.tgdd.vn/bhx-static/bhx/Products/Images/8782/339821/bhx/ca-mo-lam-sach-clone_202506260942420049.jpg"
"Cá lóc kho tộ","Củ, quả","kg",49000,"BHX-60","https://cdnv2.tgdd.vn/bhx-static/bhx/Products/Images/8782/222961/bhx/ca-loc-song-tui-500g_202505252005468933.jpg"
"Me chua 68g","Củ, quả","kg",5500,"BHX-61","https://cdn.tgdd.vn/Products/Images/8785/222877/bhx/me-chua-vat-hop-68g-202205181657130760.jpg"
"Khoai tây đông lạnh cắt thẳng 500g","Củ, quả","kg",53000,"BHX-63","https://cdnv2.tgdd.vn/bhx-static/bhx/Products/Images/7172/239239/bhx/frame-498_202409160837190145.jpg"
"Tắc 200g (20 - 21 trái)","Củ, quả","g",6000,"BHX-64","https://cdnv2.tgdd.vn/bhx-static/bhx/Products/Images/8785/281523/bhx/cdntgddvnproductsimages8785281523bhxtac-trai-tui-200g-202205201627434670_202409041623588924.jpg"
"Me chua 250g","Củ, quả","kg",13500,"BHX-65","https://cdn.tgdd.vn/Products/Images/8785/289628/bhx/me-chua-vat-goi-250g-202209071046501161.jpg"
"Sả cây 200gr","Củ, quả","g",6000,"BHX-66","https://cdnv2.tgdd.vn/bhx-static/bhx/Products/Images/8785/292740/bhx/cdntgddvnproductsimages8785292740bhxsa-cay-goi-200g-202210031601138393_202409041611032864.jpg"
"Ớt xiêm xanh 50g","Củ, quả","kg",7000,"BHX-67","https://cdnv2.tgdd.vn/bhx-static/bhx/Products/Images/8785/292789/bhx/cdntgddvnproductsimages8785292789bhxot-xiem-xanh-goi-50g-202212280919477406_202409041609438114.jpg"
"Bạc hà 200g","Củ, quả","kg",7500,"BHX-68","https://cdn.tgdd.vn/Products/Images/8785/299254/bhx/bac-ha-khay-200g-202212090822417059.jpg"
"Đậu rồng 200g","Củ, quả","kg",14000,"BHX-69","https://cdnv2.tgdd.vn/bhx-static/bhx/Products/Images/8785/299805/bhx/dau-rong-tui-200g_202508111415489409.jpg"
"Tiêu xanh 50g","Củ, quả","kg",9500,"BHX-70","https://cdnv2.tgdd.vn/bhx-static/bhx/Products/Images/8785/299806/bhx/cdntgddvnproductsimages8785299806bhxtieu-xanh-tui-50g-202212280833064038_202409041619286474.jpg"
"Cà pháo 200g","Củ, quả","kg",8000,"BHX-71","https://cdn.tgdd.vn/Products/Images/8785/301611/bhx/ca-phao-vi-200g-202301110814528714.jpg"
"Khoai tây đông lạnh cắt thẳng 10mm 1kg","Củ, quả","kg",120000,"BHX-72","https://cdn.tgdd.vn/Products/Images/8785/320597/bhx/sellingpoint.jpg"
"Khoai tây đông lạnh cắt thẳng (10mm) 350g","Củ, quả","kg",32500,"BHX-73","https://cdn.tgdd.vn/Products/Images/8785/320598/bhx/sellingpoint.jpg"
"Canh khổ qua cá thát lát nạo 350g","Củ, quả","kg",49000,"BHX-74","https://cdnv2.tgdd.vn/bhx-static/bhx/Products/Images/12718/337067/bhx/canh-kho-qua-ca-that-lat-nao-khay-350g_202508051016412806.jpg"
"Canh khổ qua dồn cá basa 370g","Củ, quả","kg",35000,"BHX-75","https://cdnv2.tgdd.vn/bhx-static/bhx/Products/Images/12718/337068/bhx/canh-kho-qua-ca-that-lat-nao-khay-350g-clone_202504161112430698.jpg"
"Canh khoai mỡ tôm 400g","Củ, quả","kg",39000,"BHX-76","https://cdnv2.tgdd.vn/bhx-static/bhx/Products/Images/12718/337069/bhx/canh-khoai-mo-tom-khay-400g_202508051028242007.jpg"
"Hành tây 300gr","Củ, quả","g",10500,"BHX-77","https://cdnv2.tgdd.vn/bhx-static/bhx/Products/Images/8785/341490/bhx/hanh-tay-cu-tu-100g-tro-len-clone_202507250820074811.jpg"
"Cà rốt 300g","Củ, quả","kg",8700,"BHX-78","https://cdnv2.tgdd.vn/bhx-static/bhx/Products/Images/8785/341668/bhx/ca-rot-trai-tu-150g-tro-len-clone_202507300953258733.jpg"
"Canh củ thập cẩm tôm 350g","Củ, quả","kg",39000,"BHX-79","https://cdnv2.tgdd.vn/bhx-static/bhx/Products/Images/12718/341810/bhx/canh-khoai-mo-tom-khay-400g-clone_202508011319513712.jpg"
"Mướp hương (trái khoảng 250g)","Củ, quả","g",6250,"BHX-80","https://cdnv2.tgdd.vn/bhx-static/bhx/Products/Images/8785/341878/bhx/muop-huong-trai-tu-150g-tro-len-clone_202508041543006128.jpg"
"Cà chua 300g","Củ, quả","kg",13500,"BHX-81","https://cdnv2.tgdd.vn/bhx-static/bhx/Products/Images/8785/343139/bhx/ca-chua-trai-tu-60g-tro-len-clone_202508291409432547.jpg"
"Ớt hiểm 50g","Củ, quả","kg",5000,"BHX-82","https://cdnv2.tgdd.vn/bhx-static/bhx/Products/Images/8785/271666/bhx/ot-hiem-trai-goi-50g_202504111557363397.jpg"
"Tỏi cô đơn 200g (khoảng 16-18 củ)","Củ, quả","g",25000,"BHX-83","https://cdnv2.tgdd.vn/bhx-static/bhx/Products/Images/8785/309138/bhx/toi-co-don-200g_202508080921347540.jpg"
"Tỏi tím Trung Quốc 200g","Củ, quả","kg",16000,"BHX-84","https://cdnv2.tgdd.vn/bhx-static/bhx/Products/Images/8785/309135/bhx/toi-tim-trung-quoc-200g_202508080921418554.jpg"
"Hành tím 200g (túi từ 25 củ trở lên)","Củ, quả","túi",15000,"BHX-85","https://cdn.tgdd.vn/Products/Images/8785/309133/bhx/hanh-tim-200g-202306080954084413.jpg"
"Củ dền củ từ 150g trở lên","Củ, quả","g",10500300,"BHX-86","https://cdn.tgdd.vn/Products/Images/8785/230445/bhx/cu-den-202312281013364195.jpg"
"Đậu bắp 250g (15 - 20 trái)","Củ, quả","g",9000,"BHX-87","https://cdn.tgdd.vn/Products/Images/8785/271743/bhx/dau-bap-khay-250g-12-18-trai-202205201719355505.jpg"
"Cà tím trái từ 150g trở lên","Củ, quả","g",13000500,"BHX-88","https://cdn.tgdd.vn/Products/Images/8785/230439/bhx/ca-tim-202312281038446064.jpg"
"Đậu cove 250g","Củ, quả","kg",16000,"BHX-89","https://cdnv2.tgdd.vn/bhx-static/bhx/Products/Images/8785/338607/bhx/dau-cove-250g_202507121102147295.jpg"
"Khổ qua 500g (3 - 5 trái)","Củ, quả","g",18000,"BHX-90","https://cdnv2.tgdd.vn/bhx-static/bhx/Products/Images/8785/291352/bhx/kho-qua-khay-500g-3-5-trai_202508200922517500.jpg"
"Su su trái từ 200g trở lên","Củ, quả","g",13650500,"BHX-91","https://cdnv2.tgdd.vn/bhx-static/bhx/Products/Images/8785/230462/bhx/cdntgddvnproductsimages8785230462bhxsu-su-202312251525266978_202409041612563833.jpg"
"Bắp cải trái tim bắp từ 300g trở lên","Củ, quả","g",12880400,"BHX-92","https://cdn.tgdd.vn/Products/Images/8785/230437/bhx/bap-cai-trai-tim-tui-1kg-202207081354159531.jpg"
"Khoai lang Nhật củ từ 70g trở lên","Củ, quả","g",26600700,"BHX-93","https://cdn.tgdd.vn/Products/Images/8785/220470/bhx/khoai-lang-nhat-202312280948119950.jpg"
"Chanh không hạt 250g (4 trái)","Củ, quả","g",7500,"BHX-94","https://cdnv2.tgdd.vn/bhx-static/bhx/Products/Images/8785/299252/bhx/chanh-khong-hat-tui-250g-2-4-trai_202508111322412533.jpg"
"Bắp cải tím bắp từ 400g trở lên","Củ, quả","g",10000500,"BHX-95","https://cdn.tgdd.vn/Products/Images/8785/234102/bhx/bap-cai-tim-202312281023045586.jpg"
"Dưa leo baby 250g (từ 5-7 trái)","Củ, quả","g",12000,"BHX-96","https://cdnv2.tgdd.vn/bhx-static/bhx/Products/Images/8785/338608/bhx/dua-leo-baby-500g-8-10-trai-clone_202505241348306869.jpg"
"Dưa leo 1kg","Củ, quả","kg",19000,"BHX-97","https://cdn.tgdd.vn/Products/Images/8785/226881/bhx/dua-leo-vi-500g-202009292350248147.jpg"
"Dưa leo trái từ 100g trở lên","Củ, quả","g",10500500,"BHX-98","https://cdn.tgdd.vn/Products/Images/8785/230451/bhx/dua-leo-202312281026050444.jpg"
"Mướp hương trái từ 150g trở lên","Củ, quả","g",12500500,"BHX-99","https://cdn.tgdd.vn/Products/Images/8785/233900/bhx/muop-huong-tui-1kg-202207081348050644.jpg"
"Bí xanh trái từ 400g trở lên","Củ, quả","g",13000500,"BHX-100","https://cdn.tgdd.vn/Products/Images/8785/233895/bhx/bi-xanh-202312271414509800.jpg"
"Bí xanh 500g","Củ, quả","kg",10500,"BHX-101","https://cdnv2.tgdd.vn/bhx-static/bhx/Products/Images/8785/312962/bhx/bi-xanh-500g_202507291531597095.jpg"
"Bầu sao trái từ 400g trở lên","Củ, quả","g",13000500,"BHX-102","https://cdn.tgdd.vn/Products/Images/8785/233898/bhx/bau-sao-tui-1kg-202207051117404604.jpg"
"Bầu sao 500g","Củ, quả","kg",10500,"BHX-103","https://cdnv2.tgdd.vn/bhx-static/bhx/Products/Images/8785/312963/bhx/bau-sao-500g_202507291538440211.jpg"
"Cà rốt củ từ 150g trở lên","Củ, quả","g",14500500,"BHX-104","https://cdn.tgdd.vn/Products/Images/8785/234529/bhx/ca-rot-202312081116076334.jpg"
"Cà chua beef (4-8 trái/kg)","Củ, quả","kg",24500500,"BHX-105","https://cdn.tgdd.vn/Products/Images/8785/233988/bhx/ca-chua-beef-202312281031353659.jpg"
"Cà chua trái từ 60g trở lên","Củ, quả","g",22500500,"BHX-106","https://cdn.tgdd.vn/Products/Images/8785/230449/bhx/ca-chua-202312251318033167.jpg"
"Bí đỏ hồ lô (trái nhỏ)","Củ, quả","kg",20000800,"BHX-107","https://cdn.tgdd.vn/Products/Images/8785/233887/bhx/bi-do-ho-lo-202312271411134968.jpg"
"Bí đỏ hồ lô trái từ 750g - 1.4kg (1 trái)","Củ, quả","kg",15000,"BHX-108","https://cdnv2.tgdd.vn/bhx-static/bhx/Products/Images/8785/278777/bhx/cdntgddvnproductsimages8785232929bhxbi-do-ho-lo-tui-700g-202012282211425458_202409241058208166.jpg"
"Bí đỏ tròn 500g","Củ, quả","kg",6500,"BHX-109","https://cdnv2.tgdd.vn/bhx-static/bhx/Products/Images/8785/341597/bhx/bi-do-tron-1-2-mieng-kg-clone_202507281638224046.jpg"
"Bí đỏ tròn (1-2 miếng/kg)","Củ, quả","kg",6500500,"BHX-110","https://cdn.tgdd.vn/Products/Images/8785/230438/bhx/bi-do-tron-202401041507066363.jpg"
"Hành tây củ từ 100g trở lên","Củ, quả","g",17500500,"BHX-111","https://cdnv2.tgdd.vn/bhx-static/bhx/Products/Images/8785/273076/bhx/hanh-tay-tui-1kg_202505211039247088.jpg"
"Khoai tây củ từ 130g trở lên","Củ, quả","g",15000500,"BHX-112","https://cdn.tgdd.vn/Products/Images/8785/230468/bhx/khoai-tay-202312260932491620.jpg"
"Bắp cải thảo bắp từ 500g trở lên","Củ, quả","g",12500500,"BHX-113","https://cdn.tgdd.vn/Products/Images/8785/233982/bhx/bap-cai-thao-202312271131129709.jpg"
"Bắp cải trắng bắp từ 700g trở lên","Củ, quả","g",16000800,"BHX-114","https://cdn.tgdd.vn/Products/Images/8785/234101/bhx/bap-cai-trang-bap-tu-700g-tro-len-202404171102280015.jpg"
"Bắp mỹ trái từ 300g trở lên","Củ, quả","g",10000,"BHX-115","https://cdn.tgdd.vn/Products/Images/8785/241815/bhx/bap-my-202403190859387885.jpg"